object_id,name,cospar_id,object_class,mass_kg,shape,max_cross_section_m2,min_cross_section_m2,avg_cross_section_m2,diameter_m,height_m,width_m
1133,Cosmos-57 fragmentation debris,1965-012AM,Payload Fragmentation Debris,,,,,,,,
1009,Cosmos-50 fragmentation debris,1964-070X,Payload Fragmentation Debris,,,,,,,,
14230,Cosmos-1471 operational debris,1983-064D,Payload Mission Related Object,,,,,,,,
55,Sputnik 5,1960-011A,Payload,4549.06,Sphere + Cyl,,,,2.4,4.3,
5162,Proton-K operational debris,1971-032D,Rocket Mission Related Object,,,,,,,,
2756,Surveyor 3,1967-035A,Payload,1036.0,Irr + 1 Truss + 3 Leg + 1 Pan,,,,,2.9,2.2
4488,COSMOS A-2 (Cosmos 2I (11K63)),1970-059B,Rocket Body,840.0,Cyl,,,,1.6,8.0,
2672,Blok-I (Soyuz SL-4 (A-2)),1967-012B,Rocket Body,3000.0,Cyl,,,,2.66,9.4,
4487,Cosmos-356,1970-059A,Payload,353.82,Ell,,,,,2.1,1.3
4486,Star 37D (Delta M),1970-055B,Rocket Body,70.0,Sphere + Cone,,,,,1.0,0.9
16019,Cosmos-1678 operational debris,1985-077E,Payload Mission Related Object,,,,,,,,
16014,Cosmos-1662 sub-satellite 4,1985-050K,Payload,5.0,Sphere,,,,,0.2,0.2
1369,Blok-I (Molniya),1965-036C,Rocket Body,2900.0,Cyl,,,,2.66,9.4,
14647,Cosmos-1405 fragmentation debris,1982-088AA,Payload Fragmentation Debris,,,,,,,,
2914,Cosmos-172,1967-078A,Payload,5650.0,Sphere + Cyl + 1 DCone,,,,2.4,6.5,
2177,Thor Altair IA operational debris,1966-026D,Rocket Mission Related Object,,,,,,,,
2040,OPS 3031 (Bluebell 2S) fragmentation debris,1966-012U,Payload Fragmentation Debris,,,,,,,,
1724,Titan IIIC fragmentation debris (Transtage 4),1965-082CF,Rocket Fragmentation Debris,,,,,,,,
1723,Titan IIIC fragmentation debris (Transtage 4),1965-082CE,Rocket Fragmentation Debris,,,,,,,,
1722,Titan IIIC fragmentation debris (Transtage 4),1965-082CD,Rocket Fragmentation Debris,,,,,,,,
1715,Titan IIIC fragmentation debris (Transtage 4),1965-082BW,Rocket Fragmentation Debris,,,,,,,,
4032,Titan IIIC fragmentation debris (Transtage 4),1965-082SS,Rocket Fragmentation Debris,,,,,,,,
2282,Atlas SLV-3 Agena D fragmentation debris,1966-046AZ,Rocket Fragmentation Debris,,,,,,,,
1970,Titan IIIC fragmentation debris (Transtage 4),1965-082HC,Rocket Fragmentation Debris,,,,,,,,
4030,Cosmos-252 fragmentation debris,1968-097CD,Payload Fragmentation Debris,,,,,,,,
1908,Titan IIIC fragmentation debris (Transtage 4),1965-082FS,Rocket Fragmentation Debris,,,,,,,,
1909,Titan IIIC fragmentation debris (Transtage 4),1965-082FT,Rocket Fragmentation Debris,,,,,,,,
4205,Agena D debris,1969-082BU,Rocket Fragmentation Debris,,,,,,,,
4206,Agena D debris,1969-082BV,Rocket Fragmentation Debris,,,,,,,,
3008,Molniya 1-7,1967-101A,Payload,1650.0,Cyl + 6 Pan,,,,1.4,4.4,
2997,Westford needles,1963-014AU,Payload Mission Related Object,,,,,,,,
2964,R-36-O-2 (Tsyklon SL-10 (F-1r)),1967-091C,Rocket Body,5000.0,Cyl,,,,3.0,10.89,
2965,"Transit 17 (NNS 30140, OPS 4947)",1967-092A,Payload,50.8,Oct Cyl + 4 Pan + 1 Rod,,,,0.457,0.254,
4412,COSMOS A-2 (Cosmos 2I (11K63)),1970-043B,Rocket Body,840.0,Cyl,,,,1.6,8.0,
3704,Cosmos-252 fragmentation debris,1968-097AM,Payload Fragmentation Debris,,,,,,,,
3691,TACSAT 1,1969-013A,Payload,723.49,Cyl,,,,2.8,7.6,
3647,Cosmos-2I (11K63) operational debris,1968-117S,Rocket Mission Related Object,,,,,,,,
3624,Cosmos-261,1968-117A,Payload,343.9,Ell,,,,,2.1,1.5
3578,Cosmos-257,1968-107A,Payload,322.1,Poly,,,,,1.2,1.2
3211,Blok-I (Molniya-M Blok-ML),1968-035B,Rocket Body,2350.0,Cyl,,,,2.66,6.7,
3210,Molniya operational debris (jettisonable engine section (BOZ)),1968-035C,Rocket Mission Related Object,328.0,Cyl,,,,2.3,1.0,
4021,Titan IIIC fragmentation debris (Transtage 4),1965-082SU,Rocket Fragmentation Debris,,,,,,,,
4022,Delta N operational debris,1969-056C,Rocket Mission Related Object,,,,,,,,
3978,Titan IIIC fragmentation debris (Transtage 4),1965-082SE,Rocket Fragmentation Debris,,,,,,,,
3920,Cosmos-280 operational debris,1969-040D,Payload Mission Related Object,,,,,,,,
3935,Diamant A operational debris,1967-014H,Rocket Mission Related Object,20.81,,,,,,,
3845,CENTAUR D/E (Atlas SLV3C),1969-030B,Rocket Body,2000.0,Cyl,,,,3.1,8.6,
3837,Mariner 7,1969-030A,Payload,409.46,Hex Cyl + 4 Pan,,,,1.4,0.5,
5621,Cosmos-458,1971-101A,Payload,322.1,Ell,,,,,1.8,1.2
3783,Cosmos-252 fragmentation debris,1968-097AV,Payload Fragmentation Debris,,,,,,,,
5619,Agena D debris,1970-025LT,Rocket Fragmentation Debris,,,,,,,,
4038,Proton-K 8S812 (Proton-K/D),1969-058C,Rocket Body,4147.67,Cyl,,,,4.15,4.11,
3521,Cosmos-249 fragmentation debris,1968-091K,Payload Fragmentation Debris,,,,,,,,
3493,Titan IIIC fragmentation debris (Transtage 4),1965-082QP,Rocket Fragmentation Debris,,,,,,,,
3454,Titan IIIC fragmentation debris (Transtage 4),1965-082PP,Rocket Fragmentation Debris,,,,,,,,
4477,KH-4B (04477),1970-054A,Payload,1982.16,Cyl,,,,1.52,7.08,
4475,Agena D debris,1969-082FU,Rocket Fragmentation Debris,,,,,,,,
4476,Titan IIIC debris (Transtage 8),1965-108G,Rocket Fragmentation Debris,,,,,,,,
3282,Cosmos-226,1968-049A,Payload,1280.0,Cyl + 2 Pan,,,,1.4,4.5,
4469,Agena D debris,1969-082FN,Rocket Fragmentation Debris,,,,,,,,
13910,Proton-K/DM ullage motor (SOZ),1979-015E,Rocket Mission Related Object,55.5,Cyl,,,,0.6,1.1,
4471,Agena D debris,1969-082FQ,Rocket Fragmentation Debris,,,,,,,,
3250,Westford needles,1963-014BQ,Payload Mission Related Object,,,,,,,,
5035,Scout A operational debris,1970-067C,Rocket Mission Related Object,,,,,,,,
5986,Intelsat II F-2 operational debris,1967-001T,Payload Mission Related Object,397.4,,,,,,,
5964,Cosmos-252 fragmentation debris,1968-097DT,Payload Fragmentation Debris,,,,,,,,
14692,IRT fragmentation debris,1984-011G,Payload Fragmentation Debris,,,,,,,,
5930,Delta N operational debris,1972-014E,Rocket Mission Related Object,,,,,,,,
5931,Cosmos-484,1972-026A,Payload,5847.37,Sphere + Cyl,,,,2.4,5.89,
5912,Molniya operational debris (jettisonable engine section (BOZ)),1972-021C,Rocket Mission Related Object,350.0,Irr,,,,,1.0,2.3
5872,Cosmos-252 fragmentation debris,1968-097DN,Payload Fragmentation Debris,,,,,,,,
5897,Agena D debris,1969-082KB,Rocket Fragmentation Debris,,,,,,,,
5870,Cosmos-252 fragmentation debris,1968-097DL,Payload Fragmentation Debris,,,,,,,,
5842,Titan IIIC fragmentation debris (Transtage 4),1965-082TU,Rocket Fragmentation Debris,,,,,,,,
5816,Delta L operational debris,1972-005D,Rocket Mission Related Object,,,,,,,,
5778,Cosmos-436 debris,1971-074N,Payload Fragmentation Debris,,,,,,,,
5746,Thor Ablestar fragmentation debris,1961-015JX,Rocket Fragmentation Debris,,,,,,,,
5717,Titan IIIC fragmentation debris (Transtage 4),1965-082TP,Rocket Fragmentation Debris,,,,,,,,
5148,Agena D debris,1970-025JS,Rocket Fragmentation Debris,,,,,,,,
5154,Cosmos-397 fragmentation debris,1971-015AJ,Payload Fragmentation Debris,,,,,,,,
5130,Cosmos-397 fragmentation debris,1971-015AE,Payload Fragmentation Debris,,,,,,,,
5017,Cosmos-397 fragmentation debris,1971-015M,Payload Fragmentation Debris,,,,,,,,
5096,Cosmos-397 fragmentation debris,1971-015W,Payload Fragmentation Debris,,,,,,,,
4737,Agena D debris,1970-025CL,Rocket Fragmentation Debris,,,,,,,,
4747,OFO 1 operational debris,1970-094D,Payload Mission Related Object,,,,,,,,
4754,Agena D debris,1970-025DC,Rocket Fragmentation Debris,,,,,,,,
4725,Cosmos-375 fragmentation debris,1970-091W,Payload Fragmentation Debris,,,,,,,,
4665,Cosmos-375 fragmentation debris,1970-091S,Payload Fragmentation Debris,,,,,,,,
4631,Titan 3A-2 (Titan IIIC),1970-093C,Rocket Body,1883.05,Cyl,,,,3.1,7.9,
5448,Proton-K/D fourth stage casing,1971-073C,Rocket Mission Related Object,792.86,Cyl,,,,3.7,4.0,
4517,Cosmos-360 operational debris,1970-068D,Payload Mission Related Object,,,,,,,,
5422,Agena D debris,1970-025LC,Rocket Fragmentation Debris,,,,,,,,
5406,Blok-I (Soyuz 11A511L),1971-069B,Rocket Body,2378.59,Cyl,,,,2.66,6.7,
5523,Cosmos-374 fragmentation debris,1970-089CH,Payload Fragmentation Debris,,,,,,,,
5362,Cosmos-431,1971-065A,Payload,5649.16,Sphere + Cyl,,,,2.4,5.0,
5187,Cosmos-374 fragmentation debris,1970-089AZ,Payload Fragmentation Debris,,,,,,,,
5016,Cosmos-397 fragmentation debris,1971-015L,Payload Fragmentation Debris,,,,,,,,
5520,Agena D debris,1969-082JB,Rocket Fragmentation Debris,,,,,,,,
5518,Agena D debris,1969-082HZ,Rocket Fragmentation Debris,,,,,,,,
5519,Agena D debris,1969-082JA,Rocket Fragmentation Debris,1.0,,,,,,,
5005,Cosmos-396 operational debris,1971-014F,Payload Mission Related Object,20.0,,,,,,,
13958,Cosmos-1285 fragmentation debris,1981-071F,Payload Fragmentation Debris,,,,,,,,
5006,Shi Jian 1,1971-018A,Payload,219.03,Sphere,,,,,1.0,1.0
5007,Cosmos-398 operational debris (T2K lower section),1971-016C,Payload Mission Related Object,,Cyl,,,,2.0,5.4,
4981,Agena D debris,1970-025HC,Rocket Fragmentation Debris,,,,,,,,
4895,Agena D debris,1969-082HE,Rocket Fragmentation Debris,,,,,,,,
7356,Soyuz 11A511M operational debris,1974-049E,Rocket Mission Related Object,,,,,,,,
4890,Agena D debris,1969-082GZ,Rocket Fragmentation Debris,,,,,,,,
4818,Agena D debris,1970-025DZ,Rocket Fragmentation Debris,,,,,,,,
7355,Soyuz 11A511M operational debris,1974-049D,Rocket Mission Related Object,,,,,,,,
4791,Cosmos-384,1970-105A,Payload,5847.37,Sphere + Cyl,,,,2.4,5.89,
5524,Cosmos-397 fragmentation debris,1971-015BQ,Payload Fragmentation Debris,,,,,,,,
7344,Proton-K operational debris,1974-046E,Rocket Mission Related Object,,Cone,,,,0.4,1.0,
7202,Delta 300 fragmentation debris,1973-086FN,Rocket Fragmentation Debris,,,,,,,,
3579,COSMOS A-2 (Cosmos 2I (11K63)),1968-107B,Rocket Body,840.0,Cyl,,,,1.6,8.0,
7132,Delta 300 fragmentation debris,1973-086CY,Rocket Fragmentation Debris,,,,,,,,
7105,Voskhod operational debris,1974-004D,Rocket Mission Related Object,,,,,,,,
7091,Delta 300 fragmentation debris,1973-086CM,Rocket Fragmentation Debris,,,,,,,,
5036,Agena D debris,1970-025JC,Rocket Fragmentation Debris,,,,,,,,
6057,Cosmos-494,1972-043A,Payload,743.31,Cyl,,,,2.0,3.0,
6021,Cosmos-488 operational debris,1972-034D,Payload Mission Related Object,,,,,,,,
7380,Blok-ML (Molniya-M Blok-ML),1974-056D,Rocket Body,891.97,Cyl,,,,2.58,2.3,
13998,KH-8 (14001),1983-032A,Payload,2973.24,Cyl,,,,1.52,7.08,
6772,Skylab 1 debris (S-063 camera),1973-027V,Payload Debris,,,,,,,,
6719,Cosmos-576 op debris (Blenda - camera sunshade baffle),1973-044H,Payload Mission Related Object,,Box,,,,,1.0,0.4
6622,Cosmos-554 fragmentation debris,1973-021GM,Payload Fragmentation Debris,,,,,,,,
13992,Cosmos-1449 engine,1983-024G,Payload Mission Related Object,594.65,Cone,,,,,1.0,0.4
6264,Cosmos-531,1972-087D,Payload,39.64,Sphere,,,,,0.8,0.8
6268,Cosmos-535,1972-087H,Payload,39.64,Sphere,,,,,0.8,0.8
6272,Cosmos-536 debris,1972-088C,Payload Debris,,,,,,,,
6273,DMSP 5B-F3,1972-089A,Payload,508.42,Cone,,,,,2.1,0.8
6325,Blok-I (Soyuz 11A511M),1972-105B,Rocket Body,2378.59,Cyl,,,,2.66,6.7,
7075,Delta 300 fragmentation debris,1973-086BV,Rocket Fragmentation Debris,,,,,,,,
6298,Apollo 17,1972-096A,Payload,30069.38,Cone + Cyl,,,,3.91,11.14,
7034,Delta 300 fragmentation debris,1973-086AC,Rocket Fragmentation Debris,,,,,,,,
14000,SLV-3-4 (SLV3),1983-033B,Rocket Body,97.13,Cyl,,,,0.657,1.5,
11581,Cosmos-1112 sub-satellite 7,1979-063J,Payload,5.0,Sphere,,,,,0.2,0.2
8755,Cosmos-773 operational debris (yo-yo weights),1975-094D,Payload Mission Related Object,,,,,,,,
6996,Cosmos-582 debris,1973-060D,Payload Debris,,,,,,,,
10599,Cosmos-974 engine,1978-001D,Payload Mission Related Object,594.65,Cone,,,,,1.0,0.4
14011,Soyuz T-8,1983-035A,Payload,6788.9,Sphere + Cyl + 2 Pan,,,,2.2,7.2,
6945,Cosmos-605 operational debris (KB electropitaniya),1973-083C,Payload Mission Related Object,810.0,Cyl,,,,1.8,1.0,
6906,Vostok 8A92M-2 (Vostok SL-3 (A-1)),1973-080B,Rocket Body,1427.16,Cyl,,,,2.6,3.8,
6916,Molniya operational debris (jettisonable engine section (BOZ)),1973-084C,Rocket Mission Related Object,328.0,Cyl,,,,2.3,1.0,
6876,Blok-I (Molniya-M Blok-ML),1973-076B,Rocket Body,1982.16,Cyl,,,,2.66,6.7,
14002,Blok-DM (Proton-K/DM),1979-062D,Rocket Body,2120.91,Cyl,,,,3.7,6.27,
6868,Voskhod operational debris,1973-073D,Rocket Mission Related Object,,,,,,,,
8742,Cosmos-807,1976-022A,Payload,644.2,Sphere,,,,,2.0,2.0
8728,Cosmos-777 fragmentation debris,1975-102BH,Payload Fragmentation Debris,,,,,,,,
8698,Blok-I (Soyuz-U),1976-018B,Rocket Body,2378.59,Cyl,,,,2.66,6.7,
8701,Soyuz-U operational debris,1976-018C,Rocket Mission Related Object,,,,,,,,
11862,Cosmos-1187 operational debris,1980-048D,Payload Mission Related Object,,,,,,,,
8651,Cosmos-777 fragmentation debris,1975-102AH,Payload Fragmentation Debris,,,,,,,,
11674,Cosmos-1149 operational debris,1980-001G,Payload Mission Related Object,,,,,,,,
6544,Cosmos-554 fragmentation debris,1973-021DF,Payload Fragmentation Debris,,,,,,,,
10782,Blok-I (Soyuz-U),1978-036B,Rocket Body,2378.59,Cyl,,,,2.66,6.7,
11582,Cosmos-1141,1979-090A,Payload,802.78,Cyl,,,,2.1,5.0,
6556,Cosmos-554 fragmentation debris,1973-021DT,Payload Fragmentation Debris,,,,,,,,
6548,Cosmos-554 fragmentation debris,1973-021DK,Payload Fragmentation Debris,,,,,,,,
16119,Salyut 7 operational debris,1982-033FN,Payload Mission Related Object,,,,,,,,
14015,Cosmos-1397 sub-satellite 13,1982-076Q,Payload,5.0,Sphere,,,,,0.2,0.2
6503,Cosmos-554 fragmentation debris,1973-021BN,Payload Fragmentation Debris,,,,,,,,
6466,Cosmos-554 fragmentation debris,1973-021AB,Payload Fragmentation Debris,,,,,,,,
6426,COSMOS A-2 (Cosmos 2I (11K63)),1973-020B,Rocket Body,840.0,Cyl,,,,1.6,8.0,
6430,Cosmos-554,1973-021A,Payload,2310.0,Sphere + Cyl,,,,2.4,6.49,
8093,Delta 900 fragmentation debris,1972-058DW,Rocket Fragmentation Debris,,,,,,,,
8107,Cosmos-699 fragmentation debris,1974-103AR,Payload Fragmentation Debris,,,,,,,,
8109,Centaur D/E (Titan IIIE),1975-075B,Rocket Body,2630.0,Cyl,,,,3.1,9.6,
8108,Vostok operational debris,1975-064D,Rocket Mission Related Object,,,,,,,,
7633,Soyuz 17 operational debris,1975-001H,Payload Mission Related Object,,,,,,,,
7638,Soyuz 17 operational debris,1975-001J,Payload Mission Related Object,,,,,,,,
7645,EUROPA II PERIGEE SYSTEM (Diamant BP4),1975-010B,Rocket Body,67.39,Cyl,,,,0.65,1.6,
14029,Cosmos-1455,1983-037A,Payload,1982.16,Cyl + 1 Ant,,,,1.35,3.2,
7615,Cosmos-704,1975-005A,Payload,6243.81,Sphere + Cyl,,,,2.4,6.49,
7616,Blok-I (Soyuz SL-4 (A-2)),1975-005B,Rocket Body,3221.01,Cyl,,,,2.66,8.99,
7564,Soyuz-U operational debris,1974-096F,Rocket Mission Related Object,,,,,,,,
7563,Soyuz-U operational debris,1974-096E,Rocket Mission Related Object,,,,,,,,
7566,Titan 3A-2 (Titan IIIE),1974-097B,Rocket Body,2630.0,Cyl,,,,3.1,9.6,
7568,Helios 1 operational debris,1974-097D,Payload Mission Related Object,,,,,,,,
7543,CENTAUR D/E (Atlas SLV3D),1974-093B,Rocket Body,1770.0,Cyl,,,,3.1,9.1,
7493,KH-9 (07495),1974-085A,Payload,13181.37,Cyl + 2 Pan,,,,3.0,14.99,
8938,Delta 2910 debris,1975-004W,Rocket Fragmentation Debris,,,,,,,,
8940,Delta 2910 debris,1975-004Y,Rocket Fragmentation Debris,,,,,,,,
14026,Soyuz T-8 orbital module,1983-035C,Payload,1248.76,Sphere,,,,,2.3,2.3
8930,Cosmos-838,1976-063A,Payload,3000.0,Cyl,,,,1.3,10.0,
8899,Voskhod operational debris,1976-055D,Rocket Mission Related Object,,,,,,,,
8900,Delta 2914 operational debris,1976-053E,Rocket Mission Related Object,,,,,,,,
8887,Cosmos-825,1976-054A,Payload,39.64,Sphere,,,,,0.8,0.8
8886,Delta 2914 operational debris,1976-053D,Rocket Mission Related Object,,,,,,,,
14023,Cosmos-1451 operational debris,1983-029D,Payload Mission Related Object,,,,,,,,
8853,Voskhod operational debris,1976-045C,Rocket Mission Related Object,,,,,,,,
8861,Blok-I (Soyuz SL-4 (A-2)),1976-048B,Rocket Body,3221.01,Cyl,,,,2.66,8.99,
8863,Cosmos-822,1976-049A,Payload,545.09,Sphere,,,,,2.0,2.0
8821,Cosmos-817,1976-040A,Payload,5847.37,Sphere + Cyl,,,,2.4,5.89,
8457,Cosmos 3 second stage (S3) (Cosmos 3M (11K65M)),1975-112B,Rocket Body,1434.0,Cyl,,,,2.4,4.2,
8466,S73-6,1975-114B,Payload,270.0,Box + 2 Ant,,,,,0.5,1.5
15920,Cosmos-1668 operational debris,1985-060F,Payload Mission Related Object,,,,,,,,
8449,Blok-I (Soyuz-U),1975-110B,Rocket Body,2378.59,Cyl,,,,2.66,6.7,
8388,Delta 900 fragmentation debris,1972-058FG,Rocket Fragmentation Debris,,,,,,,,
8390,Delta 900 fragmentation debris,1972-058FJ,Rocket Fragmentation Debris,,,,,,,,
11194,Cosmos-880 fragmentation debris,1976-120Y,Payload Fragmentation Debris,,,,,,,,
11193,Cosmos-880 fragmentation debris,1976-120X,Payload Fragmentation Debris,,,,,,,,
8392,Delta 2310 debris,1974-089BW,Rocket Fragmentation Debris,,,,,,,,
8374,Delta 900 fragmentation debris,1972-058ES,Rocket Fragmentation Debris,,,,,,,,
8356,Proton-K 8S812 (Proton-K/DM),1975-097B,Rocket Body,4185.0,Cyl,,,,4.15,6.5,
8229,Cosmos-758 fragmentation debris,1975-080AK,Payload Fragmentation Debris,,,,,,,,
8208,Cosmos-758 fragmentation debris,1975-080N,Payload Fragmentation Debris,,,,,,,,
8207,Cosmos-758 fragmentation debris,1975-080M,Payload Fragmentation Debris,,,,,,,,
14035,Molniya operational debris (jettisonable engine section (BOZ)),1983-038D,Rocket Mission Related Object,328.0,Cyl,,,,2.3,1.0,
8187,Molniya operational debris (jettisonable engine section (BOZ)),1975-079C,Rocket Mission Related Object,328.0,Cyl,,,,2.3,1.0,
7881,Delta 900 fragmentation debris,1972-058BA,Rocket Fragmentation Debris,,,,,,,,
7810,Cosmos-731 operational debris (sensor cover),1975-041C,Payload Mission Related Object,,,,,,,,
7861,Delta 900 fragmentation debris,1972-058AK,Rocket Fragmentation Debris,,,,,,,,
7798,Blok-ML (Molniya-M Blok-ML),1975-036D,Rocket Body,891.97,Cyl,,,,2.58,2.3,
7689,Cosmos-719,1975-018A,Payload,6243.81,Sphere + Cyl,,,,2.4,6.49,
7741,Blok-I (Soyuz-U),1975-030B,Rocket Body,3221.01,Cyl,,,,2.66,8.99,
8561,Delta 2310 debris,1974-089DA,Rocket Fragmentation Debris,,,,,,,,
8563,Delta 2310 debris,1974-089DC,Rocket Fragmentation Debris,,,,,,,,
8562,Delta 2310 debris,1974-089DB,Rocket Fragmentation Debris,,,,,,,,
8537,Delta 900 fragmentation debris,1972-058GN,Rocket Fragmentation Debris,,,,,,,,
8540,Delta 900 fragmentation debris,1972-058GR,Rocket Fragmentation Debris,,,,,,,,
10254,Delta 2914 fragmentation debris,1977-065CH,Rocket Fragmentation Debris,,,,,,,,
8555,Delta 2310 debris,1974-089CU,Rocket Fragmentation Debris,,,,,,,,
8565,Delta 2310 debris,1974-089DE,Rocket Fragmentation Debris,,,,,,,,
10255,Delta 2914 fragmentation debris,1977-065CJ,Rocket Fragmentation Debris,,,,,,,,
8526,Cosmos-786 operational debris,1975-120E,Payload Mission Related Object,,,,,,,,
10252,Delta 2914 fragmentation debris,1977-065CF,Rocket Fragmentation Debris,,,,,,,,
8512,Proton-K/DM fourth stage casing,1975-123B,Rocket Mission Related Object,792.86,Cyl,,,,3.7,4.0,
10248,Delta 2914 fragmentation debris,1977-065CB,Rocket Fragmentation Debris,,,,,,,,
10244,Delta 2914 fragmentation debris,1977-065BX,Rocket Fragmentation Debris,,,,,,,,
10214,Delta 2914 fragmentation debris,1977-065AV,Rocket Fragmentation Debris,,,,,,,,
10183,Delta 2914 fragmentation debris,1977-065P,Rocket Fragmentation Debris,,,,,,,,
10185,Delta 2914 fragmentation debris,1977-065R,Rocket Fragmentation Debris,,,,,,,,
10158,Proton-K 8S812 (Proton-K/DM),1977-071B,Rocket Body,4185.0,Cyl,,,,4.15,6.5,
10127,Cosmos-924,1977-060A,Payload,867.2,Cyl + 2 Pan,,,,1.2,5.1,
10180,Delta 2914 fragmentation debris,1977-065L,Rocket Fragmentation Debris,,,,,,,,
10134,Agena D debris,1970-025NQ,Rocket Fragmentation Debris,,,,,,,,
10099,Cosmos-838 fragmentation debris,1976-063AC,Payload Fragmentation Debris,,,,,,,,
10088,Cosmos-916 operational debris (KB electropitaniya),1977-046G,Payload Mission Related Object,810.0,Cyl,,,,1.8,1.0,
10093,Cosmos-921,1977-055A,Payload,817.64,Cyl,,,,1.3,3.2,
10092,Molniya operational debris (jettisonable engine section (BOZ)),1977-054C,Rocket Mission Related Object,328.0,Cyl,,,,2.3,1.0,
8078,PAGEOS 1 fragmentation debris,1966-056P,Payload Fragmentation Debris,,,,,,,,
8080,Delta 900 fragmentation debris,1972-058DH,Rocket Fragmentation Debris,,,,,,,,
8038,Cosmos-751,1975-068A,Payload,5649.16,Sphere + Cyl,,,,2.4,5.0,
8053,Salyut 4 operational debris,1974-104U,Payload Mission Related Object,,,,,,,,
8052,Feng Bao second stage (Feng Bao 1),1975-070B,Rocket Body,3535.0,Cyl,,,,3.4,8.6,
8009,Cosmos-746 engine,1975-059E,Payload Mission Related Object,594.65,Cone,,,,,1.0,0.4
7990,Cosmos-747 operational debris (sensor cover),1975-060C,Payload Mission Related Object,,,,,,,,
14062,Tsiklon 2-2 (Tsyklon SL-11 (F-1m)),1983-044B,Rocket Body,3072.35,Cyl,,,,3.0,10.89,
7972,Delta 900 fragmentation debris,1972-058CV,Rocket Fragmentation Debris,,,,,,,,
7974,Delta 900 fragmentation debris,1972-058CX,Rocket Fragmentation Debris,,,,,,,,
7949,Cosmos-742 engine,1975-048D,Payload Mission Related Object,594.65,Cone,,,,,1.0,0.4
7948,Proton-K 8S812 (Proton-K/D),1975-054B,Rocket Body,4147.67,Cyl,,,,4.15,4.11,
7930,Delta 900 fragmentation debris,1972-058CA,Rocket Fragmentation Debris,,,,,,,,
15852,Cosmos-1654 fragmentation debris,1985-039F,Payload Fragmentation Debris,,,,,,,,
10427,Cosmos-958 operational debris,1977-100G,Payload Mission Related Object,,,,,,,,
7933,Delta 900 fragmentation debris,1972-058CD,Rocket Fragmentation Debris,,,,,,,,
10415,Cosmos-839 fragmentation debris,1976-067L,Payload Fragmentation Debris,,,,,,,,
7905,Delta 900 fragmentation debris,1972-058BS,Rocket Fragmentation Debris,,,,,,,,
10401,Cosmos-958,1977-100A,Payload,6243.81,Sphere + Cyl,,,,2.4,6.49,
11668,Cosmos-1151,1980-005A,Payload,1888.0,Cyl + 2 Pan + 1 Ant,,,,2.4,5.0,
11667,Blok-ML (Molniya-M Blok-ML),1980-002F,Rocket Body,891.97,Cyl,,,,2.58,2.3,
10408,Cosmos-839 fragmentation debris,1976-067D,Payload Fragmentation Debris,,,,,,,,
10375,Cosmos 3 second stage (S3) (Cosmos 3M (11K65M)),1977-096B,Rocket Body,1421.21,Cyl,,,,2.4,6.57,
10353,Cosmos 3 second stage (S3) (Cosmos 3M (11K65M)),1977-087B,Rocket Body,1421.21,Cyl,,,,2.4,6.57,
10355,Cosmos-948 operational debris,1977-083D,Payload Mission Related Object,,,,,,,,
10354,Cosmos-948 engine (KDU),1977-083C,Payload Mission Related Object,425.0,Trunc Cone,,,,0.4,1.0,
10358,Blok-I (Soyuz-U),1977-089B,Rocket Body,2378.59,Cyl,,,,2.66,6.7,
14074,Intelsat V F-6,1983-047A,Payload,1002.97,Hex Poly + 2 Pan,,,,,6.4,2.0
10360,Cosmos-955,1977-091A,Payload,2477.7,Cyl + 2 Pan,,,,1.3,3.2,
10331,Cosmos-913 sub-satellite 7,1977-042J,Payload,5.0,Sphere,,,,,0.2,0.2
10330,Cosmos-913 sub-satellite 6,1977-042H,Payload,5.0,Sphere,,,,,0.2,0.2
10340,Delta 2914 fragmentation debris,1977-065DR,Rocket Fragmentation Debris,,,,,,,,
10304,Delta 2914 fragmentation debris,1977-065DC,Rocket Fragmentation Debris,,,,,,,,
14071,Soyuz-U operational debris,1983-045D,Rocket Mission Related Object,614.47,,,,,,,
10281,Blok-I (Soyuz-U),1977-078B,Rocket Body,2378.59,Cyl,,,,2.66,6.7,
10280,Cosmos-939,1977-079A,Payload,39.64,Sphere,,,,,0.8,0.8
10303,Delta 2914 fragmentation debris,1977-065DB,Rocket Fragmentation Debris,,,,,,,,
10459,Cosmos 3 second stage (S3) (Cosmos 3M (11K65M)),1977-107B,Rocket Body,1421.21,Cyl,,,,2.4,6.57,
10433,Tsiklon 2-2 (Tsyklon SL-11 (F-1m)),1977-104B,Rocket Body,3072.35,Cyl,,,,3.0,10.89,
10443,Cosmos-839 fragmentation debris,1976-067W,Payload Fragmentation Debris,,,,,,,,
8996,Delta 2910 debris,1975-004CG,Rocket Fragmentation Debris,,,,,,,,
10462,Cosmos-839 fragmentation debris,1976-067AH,Payload Fragmentation Debris,,,,,,,,
10463,Cosmos-839 fragmentation debris,1976-067AJ,Payload Fragmentation Debris,,,,,,,,
10788,Cosmos-1002 operational debris,1978-037C,Payload Mission Related Object,,,,,,,,
10467,Delta 2914 fragmentation debris,1977-065EB,Rocket Fragmentation Debris,,,,,,,,
11195,Cosmos-880 fragmentation debris,1976-120Z,Payload Fragmentation Debris,,,,,,,,
8976,Delta 2910 debris,1975-004BL,Rocket Fragmentation Debris,,,,,,,,
9037,Delta 2910 debris,1975-004DD,Rocket Fragmentation Debris,,,,,,,,
9036,Delta 2910 debris,1975-004DC,Rocket Fragmentation Debris,,,,,,,,
9040,Delta 2910 debris,1975-004DG,Rocket Fragmentation Debris,,,,,,,,
9006,OPS 5366,1976-065C,Payload,59.46,Oct Cyl,,,,0.9,0.3,
14083,Blok-DM (Proton-K/DM),1983-016F,Rocket Body,2120.91,Cyl,,,,3.7,6.27,
